{
  "timestamp": "20260208_111840",
  "models": {
    "rf": {
      "accuracy": 0.7607783288821061,
      "precision": 0.7554002541296061,
      "recall": 0.8308874912648497,
      "f1": 0.7913477537437604,
      "auc": 0.8393231506439054,
      "n_train": 6250,
      "n_test": 2621,
      "home_win_rate_test": 0.5459748187714613,
      "home_win_rate_pred": 0.6005341472720336,
      "model_name": "Random Forest",
      "algorithm": "rf",
      "feature_importance": {
        "win_pct_diff": 0.17435258978360083,
        "home_wins_last_10": 0.09263438791547736,
        "home_win_pct": 0.07947052598854969,
        "pts_diff_last_5": 0.07818270147469988,
        "away_wins_last_10": 0.07737909061679722,
        "away_win_pct": 0.06168760754781519,
        "trend_diff": 0.05833078188533067,
        "away_trend": 0.0400656987256019,
        "away_avg_pts_last_5": 0.039692763652434106,
        "home_avg_pts_last_5": 0.03937955276793258,
        "home_trend": 0.0350303764115508,
        "away_avg_reb_last_5": 0.032950756604528925,
        "home_avg_reb_last_5": 0.030825414798778598,
        "home_avg_ast_last_5": 0.028689115499416055,
        "h2h_avg_margin": 0.027829008142403813,
        "away_avg_ast_last_5": 0.025322811409000997,
        "h2h_home_win_rate": 0.019498665438146042,
        "h2h_games": 0.018620863620485345,
        "h2h_home_wins": 0.016202247635544897,
        "away_rest_days": 0.00858005975570014,
        "rest_advantage": 0.008413294898312359,
        "home_rest_days": 0.006861685427892631,
        "home_is_back_to_back": 0.0,
        "away_is_back_to_back": 0.0
      }
    },
    "gbt": {
      "accuracy": 0.7561999236932468,
      "precision": 0.758148631029987,
      "recall": 0.8127183787561146,
      "f1": 0.7844856661045532,
      "auc": 0.8323849455924928,
      "n_train": 6250,
      "n_test": 2621,
      "home_win_rate_test": 0.5459748187714613,
      "home_win_rate_pred": 0.5852727966425029,
      "model_name": "Gradient Boosting",
      "algorithm": "gbt",
      "feature_importance": {
        "win_pct_diff": 0.35603071997100044,
        "home_wins_last_10": 0.11473050043140759,
        "away_wins_last_10": 0.09064522815986266,
        "trend_diff": 0.09012704849877684,
        "pts_diff_last_5": 0.05741107166265669,
        "away_avg_reb_last_5": 0.03128351120241999,
        "away_win_pct": 0.0276556099365372,
        "away_trend": 0.02433663064126664,
        "h2h_avg_margin": 0.024323350527731828,
        "home_trend": 0.022652080225096856,
        "home_avg_reb_last_5": 0.020368174168831472,
        "away_avg_pts_last_5": 0.02019192548246243,
        "home_win_pct": 0.017196172309740184,
        "home_avg_ast_last_5": 0.01681195152657663,
        "home_avg_pts_last_5": 0.01536449903993778,
        "h2h_games": 0.014938490660218896,
        "away_avg_ast_last_5": 0.014140639985344818,
        "away_rest_days": 0.012689830334156759,
        "h2h_home_win_rate": 0.00989971011372125,
        "h2h_home_wins": 0.007965602251958817,
        "rest_advantage": 0.006197230254572197,
        "home_rest_days": 0.005040022615721978,
        "home_is_back_to_back": 0.0,
        "away_is_back_to_back": 0.0
      }
    }
  },
  "best_model": {
    "name": "rf",
    "accuracy": 0.7607783288821061,
    "algorithm": "rf"
  },
  "feature_cols": [
    "home_avg_pts_last_5",
    "home_avg_reb_last_5",
    "home_avg_ast_last_5",
    "home_trend",
    "home_rest_days",
    "home_is_back_to_back",
    "home_wins_last_10",
    "home_win_pct",
    "away_avg_pts_last_5",
    "away_avg_reb_last_5",
    "away_avg_ast_last_5",
    "away_trend",
    "away_rest_days",
    "away_is_back_to_back",
    "away_wins_last_10",
    "away_win_pct",
    "h2h_games",
    "h2h_home_wins",
    "h2h_home_win_rate",
    "h2h_avg_margin",
    "rest_advantage",
    "win_pct_diff",
    "pts_diff_last_5",
    "trend_diff"
  ],
  "n_features": 24,
  "train_size": 6250,
  "test_size": 2621
}