{
  "timestamp": "20260208_111747",
  "models": {
    "rf": {
      "accuracy": 0.961465089660435,
      "precision": 0.9637377963737797,
      "recall": 0.9657582110412299,
      "f1": 0.9647469458987784,
      "auc": 0.9942180645843242,
      "n_train": 6250,
      "n_test": 2621,
      "home_win_rate_test": 0.5459748187714613,
      "home_win_rate_pred": 0.5471194200686761,
      "model_name": "Random Forest",
      "algorithm": "rf",
      "feature_importance": {
        "ts_pct_diff": 0.1799286833256359,
        "home_game_score": 0.15047710475770282,
        "away_game_score": 0.15014165710423255,
        "home_fatigue_eff": 0.089794107281336,
        "away_fatigue_eff": 0.08183911837523238,
        "home_ts_pct": 0.061059686237915786,
        "away_ts_pct": 0.05860685712895437,
        "away_efg_pct": 0.036257891347869865,
        "win_pct_diff": 0.028961982496362986,
        "home_efg_pct": 0.02820209336503827,
        "home_win_pct": 0.017709165281218377,
        "home_wins_last_10": 0.012825649292925224,
        "away_win_pct": 0.01144306899581698,
        "away_wins_last_10": 0.009926975730621868,
        "away_avg_pts_last_5": 0.008636649087834887,
        "pts_diff_last_5": 0.008225786730460621,
        "trend_diff": 0.007923618372215968,
        "home_avg_pts_last_5": 0.007318648825161351,
        "away_trend": 0.006695445154069017,
        "home_avg_reb_last_5": 0.006134247674867341,
        "away_avg_reb_last_5": 0.005820762218545237,
        "home_trend": 0.005440446046252083,
        "h2h_avg_margin": 0.004762965814560873,
        "away_avg_ast_last_5": 0.004199572795563442,
        "home_avg_ast_last_5": 0.004148755030277403,
        "h2h_games": 0.0031726672419524725,
        "h2h_home_win_rate": 0.0031621857851091392,
        "h2h_home_wins": 0.002819350594149008,
        "rest_advantage": 0.0016807314566751007,
        "away_rest_days": 0.0013678295924458373,
        "home_rest_days": 0.0013162968589968142,
        "home_is_back_to_back": 0.0,
        "away_is_back_to_back": 0.0
      }
    },
    "gbt": {
      "accuracy": 0.9763449065242273,
      "precision": 0.9803508771929824,
      "recall": 0.976240391334731,
      "f1": 0.9782913165266106,
      "auc": 0.9980180751545902,
      "n_train": 6250,
      "n_test": 2621,
      "home_win_rate_test": 0.5459748187714613,
      "home_win_rate_pred": 0.5436856161770317,
      "model_name": "Gradient Boosting",
      "algorithm": "gbt",
      "feature_importance": {
        "ts_pct_diff": 0.5182975178092966,
        "home_game_score": 0.1742578063734495,
        "away_game_score": 0.16446009648552343,
        "home_fatigue_eff": 0.06372585819533458,
        "away_fatigue_eff": 0.04124047746314848,
        "win_pct_diff": 0.010367948400613607,
        "home_wins_last_10": 0.004520161905666206,
        "away_win_pct": 0.003207009715304074,
        "home_win_pct": 0.002265059005056586,
        "away_wins_last_10": 0.001605084092434029,
        "home_avg_reb_last_5": 0.0013386112107107925,
        "trend_diff": 0.001279536536526403,
        "away_trend": 0.0012564521042969655,
        "home_trend": 0.00122056460735304,
        "away_avg_ast_last_5": 0.0011203425923696823,
        "away_ts_pct": 0.0008319771279447294,
        "rest_advantage": 0.0008237405971968168,
        "home_efg_pct": 0.0008064634057311014,
        "away_avg_reb_last_5": 0.0007990700765278324,
        "home_ts_pct": 0.0007846625202430047,
        "home_avg_ast_last_5": 0.0007465679023172034,
        "home_rest_days": 0.000739284808512864,
        "home_avg_pts_last_5": 0.000643571713999444,
        "h2h_games": 0.0006385042836994361,
        "away_efg_pct": 0.000555356880782487,
        "h2h_home_wins": 0.0005197035616738431,
        "away_rest_days": 0.0004939481522211314,
        "h2h_home_win_rate": 0.0004196307561281432,
        "away_avg_pts_last_5": 0.0003855375726211598,
        "h2h_avg_margin": 0.0003663493260552301,
        "pts_diff_last_5": 0.00028310481726157217,
        "home_is_back_to_back": 0.0,
        "away_is_back_to_back": 0.0
      }
    }
  },
  "best_model": {
    "name": "gbt",
    "accuracy": 0.9763449065242273,
    "algorithm": "gbt"
  },
  "feature_cols": [
    "home_avg_pts_last_5",
    "home_avg_reb_last_5",
    "home_avg_ast_last_5",
    "home_trend",
    "home_rest_days",
    "home_is_back_to_back",
    "home_wins_last_10",
    "home_ts_pct",
    "home_efg_pct",
    "home_game_score",
    "home_fatigue_eff",
    "home_win_pct",
    "away_avg_pts_last_5",
    "away_avg_reb_last_5",
    "away_avg_ast_last_5",
    "away_trend",
    "away_rest_days",
    "away_is_back_to_back",
    "away_wins_last_10",
    "away_ts_pct",
    "away_efg_pct",
    "away_game_score",
    "away_fatigue_eff",
    "away_win_pct",
    "h2h_games",
    "h2h_home_wins",
    "h2h_home_win_rate",
    "h2h_avg_margin",
    "rest_advantage",
    "win_pct_diff",
    "pts_diff_last_5",
    "ts_pct_diff",
    "trend_diff"
  ],
  "n_features": 33,
  "train_size": 6250,
  "test_size": 2621
}