{
  "timestamp": "20260208_111722",
  "models": {
    "rf": {
      "accuracy": 0.9759633727584891,
      "precision": 0.9776536312849162,
      "recall": 0.9783368273934312,
      "f1": 0.9779951100244498,
      "auc": 0.9980245347614937,
      "n_train": 6250,
      "n_test": 2621,
      "home_win_rate_test": 0.5459748187714613,
      "home_win_rate_pred": 0.5463563525371995,
      "model_name": "Random Forest",
      "algorithm": "rf",
      "feature_importance": {
        "ts_pct_diff": 0.1304704107550577,
        "away_game_score": 0.12514286745146674,
        "home_game_score": 0.12064333188210179,
        "home_fatigue_eff": 0.08238263789639046,
        "home_score": 0.07559740365142922,
        "away_score": 0.07539956533823913,
        "away_fatigue_eff": 0.07465281629174148,
        "away_ts_pct": 0.05068888331960733,
        "home_ts_pct": 0.04340138819366942,
        "home_efg_pct": 0.026508590196642347,
        "away_efg_pct": 0.025183341712522723,
        "win_pct_diff": 0.024438703442924238,
        "home_win_pct": 0.011918706212737896,
        "away_reb": 0.011761624198969423,
        "home_reb": 0.010965888692057378,
        "home_wins_last_10": 0.009156168511614222,
        "away_wins_last_10": 0.007677352250280034,
        "pts_diff_last_5": 0.007566768026499408,
        "away_ast": 0.006816669445538738,
        "away_win_pct": 0.006605612086725879,
        "home_ast": 0.005985631175777583,
        "home_avg_pts_last_5": 0.005341522325614365,
        "away_avg_pts_last_5": 0.004587839060259659,
        "away_tov": 0.004477123978042995,
        "away_trend": 0.004169672575601465,
        "home_trend": 0.0039703833428597094,
        "home_tov": 0.0039666419960089775,
        "trend_diff": 0.003909324784615084,
        "away_pf": 0.0034094883000082574,
        "away_avg_reb_last_5": 0.0032229003687661664,
        "home_pf": 0.0030721980321113834,
        "home_avg_reb_last_5": 0.002815619775874656,
        "h2h_avg_margin": 0.0026109015914939806,
        "away_avg_ast_last_5": 0.0025841372062666667,
        "home_avg_ast_last_5": 0.0025449499759173716,
        "away_stl": 0.0022685756384176756,
        "h2h_home_win_rate": 0.002201058609861448,
        "h2h_games": 0.002015562379443179,
        "home_stl": 0.002009896525578563,
        "home_blk": 0.0019196490095197251,
        "away_blk": 0.0016984582110485518,
        "h2h_home_wins": 0.0013896344317800198,
        "home_rest_days": 0.0010348663869961727,
        "rest_advantage": 0.0009371635311986138,
        "away_rest_days": 0.0008780712307223799,
        "home_is_back_to_back": 0.0,
        "away_is_back_to_back": 0.0
      }
    },
    "gbt": {
      "accuracy": 0.9855017169019458,
      "precision": 0.9853658536585366,
      "recall": 0.9881201956673655,
      "f1": 0.9867411025819958,
      "auc": 0.9993099965353017,
      "n_train": 6250,
      "n_test": 2621,
      "home_win_rate_test": 0.5459748187714613,
      "home_win_rate_pred": 0.5475009538344143,
      "model_name": "Gradient Boosting",
      "algorithm": "gbt",
      "feature_importance": {
        "ts_pct_diff": 0.5108656161325655,
        "home_game_score": 0.1540333165583601,
        "away_game_score": 0.1473292124901098,
        "home_score": 0.06764783237330016,
        "away_score": 0.05335554432296049,
        "home_fatigue_eff": 0.024510158177088095,
        "win_pct_diff": 0.010803982754282845,
        "away_fatigue_eff": 0.009953171732964842,
        "home_wins_last_10": 0.002968014204628047,
        "away_reb": 0.0018602972932208776,
        "away_win_pct": 0.0015852373421059022,
        "home_reb": 0.0014924244520539607,
        "home_win_pct": 0.0012737828578452104,
        "home_tov": 0.0011020057277385835,
        "away_pf": 0.0009679187776783536,
        "home_avg_reb_last_5": 0.0009156324934402005,
        "away_tov": 0.0008018504655550794,
        "home_efg_pct": 0.0007105821211166754,
        "away_avg_ast_last_5": 0.0006894430246609426,
        "home_ts_pct": 0.0006567512445198555,
        "away_ts_pct": 0.0005855024161432316,
        "away_avg_reb_last_5": 0.0005151384682020727,
        "away_wins_last_10": 0.0004962595004115488,
        "home_blk": 0.0004889748788114855,
        "home_trend": 0.0004294036245145162,
        "home_avg_ast_last_5": 0.00039290048578801963,
        "home_ast": 0.0003841616156359404,
        "home_avg_pts_last_5": 0.00030417023875152515,
        "away_trend": 0.00027629334383287926,
        "away_avg_pts_last_5": 0.00026784525897040475,
        "away_efg_pct": 0.00024711770596790754,
        "pts_diff_last_5": 0.0002447038157943126,
        "trend_diff": 0.00024044849429284354,
        "h2h_games": 0.00023080354032854356,
        "away_ast": 0.00022283895716673484,
        "away_stl": 0.00019748930966938821,
        "h2h_avg_margin": 0.00019120620345846782,
        "home_stl": 0.00019084957154504728,
        "away_blk": 0.0001701000296046791,
        "h2h_home_wins": 0.0001686195122811832,
        "home_rest_days": 8.323557278682952e-05,
        "home_pf": 8.169663210980993e-05,
        "h2h_home_win_rate": 6.025433797175756e-05,
        "rest_advantage": 4.633914767806123e-06,
        "away_rest_days": 2.57802499754584e-06,
        "home_is_back_to_back": 0.0,
        "away_is_back_to_back": 0.0
      }
    }
  },
  "best_model": {
    "name": "gbt",
    "accuracy": 0.9855017169019458,
    "algorithm": "gbt"
  },
  "feature_cols": [
    "home_score",
    "home_reb",
    "home_ast",
    "home_stl",
    "home_blk",
    "home_tov",
    "home_pf",
    "home_avg_pts_last_5",
    "home_avg_reb_last_5",
    "home_avg_ast_last_5",
    "home_trend",
    "home_rest_days",
    "home_is_back_to_back",
    "home_wins_last_10",
    "home_ts_pct",
    "home_efg_pct",
    "home_game_score",
    "home_fatigue_eff",
    "home_win_pct",
    "away_score",
    "away_reb",
    "away_ast",
    "away_stl",
    "away_blk",
    "away_tov",
    "away_pf",
    "away_avg_pts_last_5",
    "away_avg_reb_last_5",
    "away_avg_ast_last_5",
    "away_trend",
    "away_rest_days",
    "away_is_back_to_back",
    "away_wins_last_10",
    "away_ts_pct",
    "away_efg_pct",
    "away_game_score",
    "away_fatigue_eff",
    "away_win_pct",
    "h2h_games",
    "h2h_home_wins",
    "h2h_home_win_rate",
    "h2h_avg_margin",
    "rest_advantage",
    "win_pct_diff",
    "pts_diff_last_5",
    "ts_pct_diff",
    "trend_diff"
  ],
  "n_features": 47,
  "train_size": 6250,
  "test_size": 2621
}