{
  "accuracy": 0.7668828691339183,
  "precision": 0.7662337662337663,
  "recall": 0.8245981830887491,
  "f1": 0.7943453382699428,
  "auc": 0.8492545026396302,
  "baseline_accuracy": 0.7676,
  "gain_over_baseline": -0.0007171308660816056,
  "features_count": 54,
  "target_77_5_reached": false
}