{
  "n_features": 35,
  "features": [
    "weighted_form_diff",
    "momentum_acceleration",
    "pts_diff_last_5",
    "home_wins_last_10",
    "momentum_diff_v3",
    "away_wins_last_10",
    "trend_diff",
    "clutch_diff",
    "home_consistency",
    "win_pct_diff_squared",
    "win_pct_diff",
    "away_rest_days",
    "home_momentum",
    "away_weighted_form",
    "away_trend",
    "h2h_weighted",
    "away_win_pct",
    "away_avg_reb_last_5",
    "home_avg_reb_last_5",
    "away_momentum",
    "consistency_diff",
    "off_eff_diff",
    "rest_form_interaction",
    "home_rest_days",
    "away_avg_ast_last_5",
    "away_off_eff",
    "away_consistency",
    "home_off_eff",
    "home_weighted_form",
    "h2h_margin_squared",
    "h2h_home_win_rate",
    "rest_advantage",
    "h2h_games",
    "home_trend",
    "h2h_avg_margin"
  ],
  "selection_method": "xgb_importance",
  "all_scores": {
    "xgb_importance": {
      "weighted_form_diff": 0.29900646209716797,
      "momentum_acceleration": 0.06182463839650154,
      "pts_diff_last_5": 0.052871860563755035,
      "home_wins_last_10": 0.04603632539510727,
      "momentum_diff_v3": 0.04435289651155472,
      "away_wins_last_10": 0.03764897957444191,
      "trend_diff": 0.032116442918777466,
      "clutch_diff": 0.021565688773989677,
      "home_consistency": 0.02137238346040249,
      "win_pct_diff_squared": 0.018641546368598938,
      "win_pct_diff": 0.017918970435857773,
      "away_rest_days": 0.015298929065465927,
      "home_momentum": 0.015113444067537785,
      "away_weighted_form": 0.014977178536355495,
      "away_trend": 0.014971594326198101,
      "h2h_weighted": 0.014435299672186375,
      "away_win_pct": 0.01443110778927803,
      "away_avg_reb_last_5": 0.014119806699454784,
      "home_avg_reb_last_5": 0.014087548479437828,
      "away_momentum": 0.013734501786530018,
      "consistency_diff": 0.013703657314181328,
      "off_eff_diff": 0.012911557219922543,
      "rest_form_interaction": 0.012560619972646236,
      "home_rest_days": 0.012349605560302734,
      "away_avg_ast_last_5": 0.011575846001505852,
      "away_off_eff": 0.011271234601736069,
      "away_consistency": 0.011239147745072842,
      "home_off_eff": 0.011104535311460495,
      "home_weighted_form": 0.011077062226831913,
      "h2h_margin_squared": 0.011005896143615246,
      "h2h_home_win_rate": 0.010915950872004032,
      "rest_advantage": 0.010696697048842907,
      "h2h_games": 0.010546120814979076,
      "home_trend": 0.010471113957464695,
      "h2h_avg_margin": 0.010227442719042301,
      "away_avg_pts_last_5": 0.010193024761974812,
      "home_avg_pts_last_5": 0.010017812252044678,
      "h2h_home_wins": 0.009534412994980812,
      "home_avg_ast_last_5": 0.007653785869479179,
      "home_win_pct": 0.0064189378172159195,
      "away_is_back_to_back": 0.0,
      "home_is_back_to_back": 0.0,
      "home_form_vs_avg": 0.0,
      "away_form_vs_avg": 0.0,
      "away_pts_per_100": 0.0,
      "home_pts_per_100": 0.0,
      "home_advantage": 0.0,
      "fatigue_impact": 0.0,
      "away_short_vs_long": 0.0,
      "home_short_vs_long": 0.0,
      "pts_reb_ratio_home": 0.0,
      "pts_reb_ratio_away": 0.0,
      "pts_reb_ratio_diff": 0.0,
      "h2h_games_log": 0.0
    }
  }
}